{"frames": [

{
	"filename": "Adam_idle_anim_1.png",
	"frame": {"x":0,"y":0,"w":32,"h":48},
	"rotated": false,
	"trimmed": false,
	"spriteSourceSize": {"x":0,"y":0,"w":32,"h":48},
	"sourceSize": {"w":32,"h":48}
},
{
	"filename": "Adam_idle_anim_2.png",
	"frame": {"x":32,"y":0,"w":32,"h":48},
	"rotated": false,
	"trimmed": false,
	"spriteSourceSize": {"x":0,"y":0,"w":32,"h":48},
	"sourceSize": {"w":32,"h":48}
},
{
	"filename": "Adam_idle_anim_3.png",
	"frame": {"x":64,"y":0,"w":32,"h":48},
	"rotated": false,
	"trimmed": false,
	"spriteSourceSize": {"x":0,"y":0,"w":32,"h":48},
	"sourceSize": {"w":32,"h":48}
},
{
	"filename": "Adam_idle_anim_4.png",
	"frame": {"x":96,"y":0,"w":32,"h":48},
	"rotated": false,
	"trimmed": false,
	"spriteSourceSize": {"x":0,"y":0,"w":32,"h":48},
	"sourceSize": {"w":32,"h":48}
},
{
	"filename": "Adam_idle_anim_5.png",
	"frame": {"x":128,"y":0,"w":32,"h":48},
	"rotated": false,
	"trimmed": false,
	"spriteSourceSize": {"x":0,"y":0,"w":32,"h":48},
	"sourceSize": {"w":32,"h":48}
},
{
	"filename": "Adam_idle_anim_6.png",
	"frame": {"x":160,"y":0,"w":32,"h":48},
	"rotated": false,
	"trimmed": false,
	"spriteSourceSize": {"x":0,"y":0,"w":32,"h":48},
	"sourceSize": {"w":32,"h":48}
},
{
	"filename": "Adam_idle_anim_7.png",
	"frame": {"x":192,"y":0,"w":32,"h":48},
	"rotated": false,
	"trimmed": false,
	"spriteSourceSize": {"x":0,"y":0,"w":32,"h":48},
	"sourceSize": {"w":32,"h":48}
},
{
	"filename": "Adam_idle_anim_8.png",
	"frame": {"x":224,"y":0,"w":32,"h":48},
	"rotated": false,
	"trimmed": false,
	"spriteSourceSize": {"x":0,"y":0,"w":32,"h":48},
	"sourceSize": {"w":32,"h":48}
},
{
	"filename": "Adam_idle_anim_9.png",
	"frame": {"x":256,"y":0,"w":32,"h":48},
	"rotated": false,
	"trimmed": false,
	"spriteSourceSize": {"x":0,"y":0,"w":32,"h":48},
	"sourceSize": {"w":32,"h":48}
},
{
	"filename": "Adam_idle_anim_10.png",
	"frame": {"x":288,"y":0,"w":32,"h":48},
	"rotated": false,
	"trimmed": false,
	"spriteSourceSize": {"x":0,"y":0,"w":32,"h":48},
	"sourceSize": {"w":32,"h":48}
},
{
	"filename": "Adam_idle_anim_11.png",
	"frame": {"x":320,"y":0,"w":32,"h":48},
	"rotated": false,
	"trimmed": false,
	"spriteSourceSize": {"x":0,"y":0,"w":32,"h":48},
	"sourceSize": {"w":32,"h":48}
},
{
	"filename": "Adam_idle_anim_12.png",
	"frame": {"x":352,"y":0,"w":32,"h":48},
	"rotated": false,
	"trimmed": false,
	"spriteSourceSize": {"x":0,"y":0,"w":32,"h":48},
	"sourceSize": {"w":32,"h":48}
},
{
	"filename": "Adam_idle_anim_13.png",
	"frame": {"x":384,"y":0,"w":32,"h":48},
	"rotated": false,
	"trimmed": false,
	"spriteSourceSize": {"x":0,"y":0,"w":32,"h":48},
	"sourceSize": {"w":32,"h":48}
},
{
	"filename": "Adam_idle_anim_14.png",
	"frame": {"x":416,"y":0,"w":32,"h":48},
	"rotated": false,
	"trimmed": false,
	"spriteSourceSize": {"x":0,"y":0,"w":32,"h":48},
	"sourceSize": {"w":32,"h":48}
},
{
	"filename": "Adam_idle_anim_15.png",
	"frame": {"x":448,"y":0,"w":32,"h":48},
	"rotated": false,
	"trimmed": false,
	"spriteSourceSize": {"x":0,"y":0,"w":32,"h":48},
	"sourceSize": {"w":32,"h":48}
},
{
	"filename": "Adam_idle_anim_16.png",
	"frame": {"x":480,"y":0,"w":32,"h":48},
	"rotated": false,
	"trimmed": false,
	"spriteSourceSize": {"x":0,"y":0,"w":32,"h":48},
	"sourceSize": {"w":32,"h":48}
},
{
	"filename": "Adam_idle_anim_17.png",
	"frame": {"x":512,"y":0,"w":32,"h":48},
	"rotated": false,
	"trimmed": false,
	"spriteSourceSize": {"x":0,"y":0,"w":32,"h":48},
	"sourceSize": {"w":32,"h":48}
},
{
	"filename": "Adam_idle_anim_18.png",
	"frame": {"x":544,"y":0,"w":32,"h":48},
	"rotated": false,
	"trimmed": false,
	"spriteSourceSize": {"x":0,"y":0,"w":32,"h":48},
	"sourceSize": {"w":32,"h":48}
},
{
	"filename": "Adam_idle_anim_19.png",
	"frame": {"x":576,"y":0,"w":32,"h":48},
	"rotated": false,
	"trimmed": false,
	"spriteSourceSize": {"x":0,"y":0,"w":32,"h":48},
	"sourceSize": {"w":32,"h":48}
},
{
	"filename": "Adam_idle_anim_20.png",
	"frame": {"x":608,"y":0,"w":32,"h":48},
	"rotated": false,
	"trimmed": false,
	"spriteSourceSize": {"x":0,"y":0,"w":32,"h":48},
	"sourceSize": {"w":32,"h":48}
},
{
	"filename": "Adam_idle_anim_21.png",
	"frame": {"x":640,"y":0,"w":32,"h":48},
	"rotated": false,
	"trimmed": false,
	"spriteSourceSize": {"x":0,"y":0,"w":32,"h":48},
	"sourceSize": {"w":32,"h":48}
},
{
	"filename": "Adam_idle_anim_22.png",
	"frame": {"x":672,"y":0,"w":32,"h":48},
	"rotated": false,
	"trimmed": false,
	"spriteSourceSize": {"x":0,"y":0,"w":32,"h":48},
	"sourceSize": {"w":32,"h":48}
},
{
	"filename": "Adam_idle_anim_23.png",
	"frame": {"x":704,"y":0,"w":32,"h":48},
	"rotated": false,
	"trimmed": false,
	"spriteSourceSize": {"x":0,"y":0,"w":32,"h":48},
	"sourceSize": {"w":32,"h":48}
},
{
	"filename": "Adam_idle_anim_24.png",
	"frame": {"x":736,"y":0,"w":32,"h":48},
	"rotated": false,
	"trimmed": false,
	"spriteSourceSize": {"x":0,"y":0,"w":32,"h":48},
	"sourceSize": {"w":32,"h":48}
},
{
	"filename": "Adam_run_1.png",
	"frame": {"x":768,"y":0,"w":32,"h":48},
	"rotated": false,
	"trimmed": false,
	"spriteSourceSize": {"x":0,"y":0,"w":32,"h":48},
	"sourceSize": {"w":32,"h":48}
},
{
	"filename": "Adam_run_2.png",
	"frame": {"x":800,"y":0,"w":32,"h":48},
	"rotated": false,
	"trimmed": false,
	"spriteSourceSize": {"x":0,"y":0,"w":32,"h":48},
	"sourceSize": {"w":32,"h":48}
},
{
	"filename": "Adam_run_3.png",
	"frame": {"x":832,"y":0,"w":32,"h":48},
	"rotated": false,
	"trimmed": false,
	"spriteSourceSize": {"x":0,"y":0,"w":32,"h":48},
	"sourceSize": {"w":32,"h":48}
},
{
	"filename": "Adam_run_4.png",
	"frame": {"x":864,"y":0,"w":32,"h":48},
	"rotated": false,
	"trimmed": false,
	"spriteSourceSize": {"x":0,"y":0,"w":32,"h":48},
	"sourceSize": {"w":32,"h":48}
},
{
	"filename": "Adam_run_5.png",
	"frame": {"x":896,"y":0,"w":32,"h":48},
	"rotated": false,
	"trimmed": false,
	"spriteSourceSize": {"x":0,"y":0,"w":32,"h":48},
	"sourceSize": {"w":32,"h":48}
},
{
	"filename": "Adam_run_6.png",
	"frame": {"x":928,"y":0,"w":32,"h":48},
	"rotated": false,
	"trimmed": false,
	"spriteSourceSize": {"x":0,"y":0,"w":32,"h":48},
	"sourceSize": {"w":32,"h":48}
},
{
	"filename": "Adam_run_7.png",
	"frame": {"x":960,"y":0,"w":32,"h":48},
	"rotated": false,
	"trimmed": false,
	"spriteSourceSize": {"x":0,"y":0,"w":32,"h":48},
	"sourceSize": {"w":32,"h":48}
},
{
	"filename": "Adam_run_8.png",
	"frame": {"x":992,"y":0,"w":32,"h":48},
	"rotated": false,
	"trimmed": false,
	"spriteSourceSize": {"x":0,"y":0,"w":32,"h":48},
	"sourceSize": {"w":32,"h":48}
},
{
	"filename": "Adam_run_9.png",
	"frame": {"x":1024,"y":0,"w":32,"h":48},
	"rotated": false,
	"trimmed": false,
	"spriteSourceSize": {"x":0,"y":0,"w":32,"h":48},
	"sourceSize": {"w":32,"h":48}
},
{
	"filename": "Adam_run_10.png",
	"frame": {"x":1056,"y":0,"w":32,"h":48},
	"rotated": false,
	"trimmed": false,
	"spriteSourceSize": {"x":0,"y":0,"w":32,"h":48},
	"sourceSize": {"w":32,"h":48}
},
{
	"filename": "Adam_run_11.png",
	"frame": {"x":1088,"y":0,"w":32,"h":48},
	"rotated": false,
	"trimmed": false,
	"spriteSourceSize": {"x":0,"y":0,"w":32,"h":48},
	"sourceSize": {"w":32,"h":48}
},
{
	"filename": "Adam_run_12.png",
	"frame": {"x":1120,"y":0,"w":32,"h":48},
	"rotated": false,
	"trimmed": false,
	"spriteSourceSize": {"x":0,"y":0,"w":32,"h":48},
	"sourceSize": {"w":32,"h":48}
},
{
	"filename": "Adam_run_13.png",
	"frame": {"x":1152,"y":0,"w":32,"h":48},
	"rotated": false,
	"trimmed": false,
	"spriteSourceSize": {"x":0,"y":0,"w":32,"h":48},
	"sourceSize": {"w":32,"h":48}
},
{
	"filename": "Adam_run_14.png",
	"frame": {"x":1184,"y":0,"w":32,"h":48},
	"rotated": false,
	"trimmed": false,
	"spriteSourceSize": {"x":0,"y":0,"w":32,"h":48},
	"sourceSize": {"w":32,"h":48}
},
{
	"filename": "Adam_run_15.png",
	"frame": {"x":1216,"y":0,"w":32,"h":48},
	"rotated": false,
	"trimmed": false,
	"spriteSourceSize": {"x":0,"y":0,"w":32,"h":48},
	"sourceSize": {"w":32,"h":48}
},
{
	"filename": "Adam_run_16.png",
	"frame": {"x":1248,"y":0,"w":32,"h":48},
	"rotated": false,
	"trimmed": false,
	"spriteSourceSize": {"x":0,"y":0,"w":32,"h":48},
	"sourceSize": {"w":32,"h":48}
},
{
	"filename": "Adam_run_17.png",
	"frame": {"x":1280,"y":0,"w":32,"h":48},
	"rotated": false,
	"trimmed": false,
	"spriteSourceSize": {"x":0,"y":0,"w":32,"h":48},
	"sourceSize": {"w":32,"h":48}
},
{
	"filename": "Adam_run_18.png",
	"frame": {"x":1312,"y":0,"w":32,"h":48},
	"rotated": false,
	"trimmed": false,
	"spriteSourceSize": {"x":0,"y":0,"w":32,"h":48},
	"sourceSize": {"w":32,"h":48}
},
{
	"filename": "Adam_run_19.png",
	"frame": {"x":1344,"y":0,"w":32,"h":48},
	"rotated": false,
	"trimmed": false,
	"spriteSourceSize": {"x":0,"y":0,"w":32,"h":48},
	"sourceSize": {"w":32,"h":48}
},
{
	"filename": "Adam_run_20.png",
	"frame": {"x":1376,"y":0,"w":32,"h":48},
	"rotated": false,
	"trimmed": false,
	"spriteSourceSize": {"x":0,"y":0,"w":32,"h":48},
	"sourceSize": {"w":32,"h":48}
},
{
	"filename": "Adam_run_21.png",
	"frame": {"x":1408,"y":0,"w":32,"h":48},
	"rotated": false,
	"trimmed": false,
	"spriteSourceSize": {"x":0,"y":0,"w":32,"h":48},
	"sourceSize": {"w":32,"h":48}
},
{
	"filename": "Adam_run_22.png",
	"frame": {"x":1440,"y":0,"w":32,"h":48},
	"rotated": false,
	"trimmed": false,
	"spriteSourceSize": {"x":0,"y":0,"w":32,"h":48},
	"sourceSize": {"w":32,"h":48}
},
{
	"filename": "Adam_run_23.png",
	"frame": {"x":1472,"y":0,"w":32,"h":48},
	"rotated": false,
	"trimmed": false,
	"spriteSourceSize": {"x":0,"y":0,"w":32,"h":48},
	"sourceSize": {"w":32,"h":48}
},
{
	"filename": "Adam_run_24.png",
	"frame": {"x":1504,"y":0,"w":32,"h":48},
	"rotated": false,
	"trimmed": false,
	"spriteSourceSize": {"x":0,"y":0,"w":32,"h":48},
	"sourceSize": {"w":32,"h":48}
},
{
	"filename": "Adam_sit_down.png",
	"frame": {"x":1536,"y":0,"w":32,"h":48},
	"rotated": false,
	"trimmed": false,
	"spriteSourceSize": {"x":0,"y":0,"w":32,"h":48},
	"sourceSize": {"w":32,"h":48}
},
{
	"filename": "Adam_sit_left.png",
	"frame": {"x":1568,"y":0,"w":32,"h":48},
	"rotated": false,
	"trimmed": false,
	"spriteSourceSize": {"x":0,"y":0,"w":32,"h":48},
	"sourceSize": {"w":32,"h":48}
},
{
	"filename": "Adam_sit_right.png",
	"frame": {"x":1600,"y":0,"w":32,"h":48},
	"rotated": false,
	"trimmed": false,
	"spriteSourceSize": {"x":0,"y":0,"w":32,"h":48},
	"sourceSize": {"w":32,"h":48}
},
{
	"filename": "Adam_sit_up.png",
	"frame": {"x":1632,"y":0,"w":32,"h":48},
	"rotated": false,
	"trimmed": false,
	"spriteSourceSize": {"x":0,"y":0,"w":32,"h":48},
	"sourceSize": {"w":32,"h":48}
}],
"meta": {
	"app": "https://www.codeandweb.com/texturepacker",
	"version": "1.0",
	"image": "adam.png",
	"format": "RGBA8888",
	"size": {"w":1664,"h":48},
	"scale": "1",
	"smartupdate": "$TexturePacker:SmartUpdate:36ea2cf2e8be8d8c23ed755e43b7a394:cdfb5c510b72fc1ad4a5795f9572b0d4:f0756af072b7a2180e64d177da5aa6f9$"
}
}
