{"frames": [

{
	"filename": "Generic_12.png",
	"frame": {"x":0,"y":0,"w":32,"h":64},
	"rotated": false,
	"trimmed": false,
	"spriteSourceSize": {"x":0,"y":0,"w":32,"h":64},
	"sourceSize": {"w":32,"h":64}
},
{
	"filename": "Room_Builder_Floors.png",
	"frame": {"x":32,"y":0,"w":480,"h":1280},
	"rotated": false,
	"trimmed": false,
	"spriteSourceSize": {"x":0,"y":0,"w":480,"h":1280},
	"sourceSize": {"w":480,"h":1280}
},
{
	"filename": "Room_Builder_Office.png",
	"frame": {"x":512,"y":0,"w":512,"h":448},
	"rotated": false,
	"trimmed": false,
	"spriteSourceSize": {"x":0,"y":0,"w":512,"h":448},
	"sourceSize": {"w":512,"h":448}
},
{
	"filename": "Room_Builder_Walls.png",
	"frame": {"x":1024,"y":0,"w":1024,"h":1280},
	"rotated": false,
	"trimmed": false,
	"spriteSourceSize": {"x":0,"y":0,"w":1024,"h":1280},
	"sourceSize": {"w":1024,"h":1280}
}],
"meta": {
	"app": "https://www.codeandweb.com/texturepacker",
	"version": "1.0",
	"image": "FloorAndGround.png",
	"format": "RGBA8888",
	"size": {"w":2048,"h":1280},
	"scale": "1",
	"smartupdate": "$TexturePacker:SmartUpdate:a633ad694a2bd23f4c4b10e88061d15b:f36a27f0f4526b1e269a960db12b8459:5d200d45d77e29e8000ba5cdbb4ea264$"
}
}
